feature_0,feature_1,feature_2,feature_3,feature_4,feature_5,feature_6,feature_7,feature_8,label
0.16153795589644793,0.19116013384654246,0.1835159764848244,0.08535764582828331,0.06800452603754727,0.1906354116184652,0.0689087861886809,0.38909758058463756,0.3979426754029936,0
0.39016680637967194,0.18511484923661017,0.2784466485750924,0.33087287562909534,0.13987040203131756,0.13659803336250215,0.2884417065440717,0.10949695747131788,0.16147899798229298,1
0.4173939824187458,0.29925371137835355,0.24021849778874355,0.35840523826237164,0.25938517460182975,0.1374806333854085,0.11422915938917719,0.34457959792301623,0.2596163137558716,0
0.32990110291272895,0.1967751189025917,0.33786469203220365,0.30110126965277406,0.1484714829302887,0.07211445054007277,0.20793665072526918,0.02382687630606093,0.11217462376780503,0
0.24931270982481893,0.3778282683605462,0.1830641412944947,0.2659712932659393,0.2620380572364927,0.027319330794204136,0.12226246503929954,0.07622028466551523,0.10106858044174735,0
0.16520927988527656,0.2368349275529084,0.28249787105744845,0.17973124181991526,0.2988329818850795,0.22160994099606146,0.3135389642632111,0.2142988393008217,0.29916330053330276,0
0.1048983439413979,0.17761470905901483,0.08022893512781948,0.3591793750728047,0.27101484066072157,0.22544471000134503,0.036528364765685405,0.30681185581837184,0.0593974564491906,0
0.05571765560255818,0.3097325384196542,0.12356532882435226,0.1200263718558396,0.20681726293421887,0.4075018678871146,0.09149233984765445,0.17690436853792074,0.38230552314293226,1
0.4014891276097603,0.13920100440685165,0.30196599665780505,0.07592739890460438,0.24281437319494092,0.16291951741036875,0.24460079171238291,0.45285059081201073,0.1856455418035236,1
0.2590501542771861,0.35274146053788835,0.3864035732111953,0.28321376415403066,0.2742906678479195,0.484562364688089,0.26167411066468005,0.2688256191162293,0.43794772279789396,1
0.12226246503929954,0.40759598874078584,0.12184493815689404,0.20857831462825993,0.3238311986336285,0.23470960210470185,0.30697471510040075,0.26625874315545006,0.14055671139021042,0
0.15248241803506793,0.39765299612247795,0.2571485105562902,0.4039663651011383,0.32712594751334984,0.23677528768306122,0.08776455123198577,0.35445927332079125,0.3976658229246496,1
0.13915711952637014,0.17723628619392673,0.15556317149818963,0.2265205688314158,0.15862286431568062,0.22485468519446392,0.360512449884969,0.11408833844219661,0.1184944671625348,0
0.1620140906609044,0.12247556680394463,0.29198011881405067,0.309311302649725,0.36248369984696144,0.33381341902041173,0.2584516106703626,0.26435130362903086,0.33644242476011116,1
0.3603673918613965,0.42861304396644134,0.2588326905788296,0.283996222498964,0.3956234209367712,0.03416556661280144,0.14833072088177324,0.42012750264071264,0.2672700851595701,1
0.15726079100366144,0.2997709218186071,0.20278291808745533,0.190876676602913,0.23677375876141374,0.22914105747715519,0.14402693982586579,0.09947827665071086,0.3811097540158265,0
0.29296072146538427,0.2651909896651827,0.25153750884494386,0.222326369622484,0.1957606600117912,0.3313937361289394,0.4188724657174672,0.2968825768153653,0.3822900187350864,1
0.3829552846489413,0.17260817626931,0.20345010072349223,0.40679643272683946,0.33550494037856055,0.16428673467269467,0.2949157200360607,0.28321376415403066,0.29535163430778716,1
0.2272915559167691,0.0635253394667113,0.10488446000137268,0.24931270982481893,0.3328505819317927,0.2905751822844761,0.2144360370727543,0.329842314563769,0.26890970525387276,0
0.3603827888894677,0.300844880842814,0.35445927332079125,0.11579162506054202,0.318870889762758,0.3239424536074561,0.3286367365352822,0.3637794316933224,0.08930735102012427,1
0.16337020773751504,0.12720292758160906,0.35840523826237164,0.2546228602415062,0.17291480502233647,0.3382786000688542,0.21336817263050256,0.14021009231979287,0.21893169824012057,0
0.05441094565762704,0.37994575699966304,0.30747952428219905,0.16776691037595795,0.33869108450574126,0.35657414840654544,0.3699210006074579,0.09769891240207751,0.2742906678479195,1
0.20503612195346274,0.2683185429304877,0.28037822899752357,0.300844880842814,0.27181570279338374,0.22093750147157654,0.36276656593387857,0.27778615557098113,0.13145645463350125,1
0.1388849186249022,0.22893142088082297,0.3207776347732981,0.47548604199492817,0.16214821543068933,0.22055822367097827,0.2326367410015657,0.10795685505481468,0.367357618212996,1
0.4761483423398186,0.05571765560255818,0.26714440152960967,0.3608499572884873,0.14634957180432226,0.25818420414602633,0.1795081761168122,0.09955017448109137,0.4150224413045848,1
0.28702517598829075,0.37157867170702596,0.20716585520049421,0.18225271608148982,0.36880063366633997,0.20833602821680924,0.3218444435084287,0.1388849186249022,0.3462521057826589,1
0.14605962784536924,0.3135389642632111,0.45635588021935236,0.25409527059448167,0.35137602095911424,0.20473269527807622,0.057197495405193366,0.23991946601383743,0.16552444763588497,0
0.17473975979981024,0.14950934203037963,0.38721610294969555,0.1933899829418633,0.17763614996431604,0.24855112527296958,0.11538543934806007,0.25409527059448167,0.2805291239990379,0
0.3177254570072218,0.04490106035283099,0.22716170775878433,0.3956234209367712,0.18027147191076576,0.30543782247384704,0.3539360049128039,0.42216622650419827,0.25195722454289765,1
0.2535193887925919,0.2255435417292356,0.18758363331698008,0.2218709039485912,0.2194075411574123,0.37743395660962065,0.1506486437903836,0.2796065049268353,0.4693136995431847,0
0.36416075540040527,0.10966806402187053,0.18152128394530956,0.23677375876141374,0.2652856468606196,0.2189807448003361,0.3453411256923481,0.25888177076720925,0.34051097436816646,0
0.02027397288106858,0.12397933975109268,0.09160858279500038,0.291638243310367,0.23453473487265297,0.15418126053843303,0.26141609583900055,0.1764567607586069,0.17253871208961694,0
0.19690498486955973,0.3230578878437578,0.40449010984137446,0.3665981430453192,0.3137236177971491,0.14834317064818806,0.22609466845219858,0.3328505819317927,0.1449676711597831,0
0.22906763032555835,0.3829552846489413,0.4326708017875693,0.06705541785473292,0.2826087350721203,0.2119459593283384,0.10308017703422145,0.3254482532897823,0.3716382641789858,1
0.16339232546468757,0.23896131007665922,0.11973443080597816,0.20648371586727163,0.1646732198373709,0.25963498909140137,0.1120488170532688,0.38732620961529746,0.09545617512643359,0
0.04756512769548533,0.18455285429547588,0.14858353433205765,0.25195722454289765,0.4349082814657267,0.45696191062383357,0.29949537675571286,0.3800596564082061,0.08365385932283396,1
0.2800110439380144,0.32878647648603637,0.49745220783352034,0.34051097436816646,0.3017071985176431,0.18786562939848792,0.2412515495694694,0.09788059265636045,0.3209864109528014,0
0.2836719165684621,0.31292691410801937,0.1585622851498639,0.21505450404733154,0.09788059265636045,0.2426524383194093,0.041028171861253335,0.4865888889015256,0.3567441235069356,0
0.15362001269409137,0.18649264459107748,0.1440867827970434,0.36563146555731874,0.4288739730112089,0.2144360370727543,0.12975734886484963,0.021224308372792603,0.16489693769484634,0
0.08833330397164788,0.3462948436585636,0.16954948169950748,0.399956193560927,0.22978634424423106,0.3713611603504215,0.23297116493142875,0.2727731667914765,0.11388575026964066,1
0.2950820521351249,0.08842095651435196,0.08719631480925082,0.24998245577426548,0.16132408507499155,0.4766818451391003,0.1970974268117058,0.03549871214471919,0.2547136425239541,0
0.16931719216188146,0.14099784571274193,0.29591073301861665,0.11557507373284354,0.19610748875712877,0.08482305098915922,0.3283573741487335,0.39300602147453634,0.2256354086908913,0
0.1826750819274585,0.2076661416204053,0.2750563220491893,0.3570895882327042,0.2456847254493511,0.3374269474779631,0.4747125947589014,0.41246951971540197,0.4704010793057361,1
0.1999648550600585,0.28736550514659287,0.17423082578461152,0.2869738795496367,0.38458730425202636,0.1620140906609044,0.09771366870818857,0.24108429488563254,0.334014472841055,1
0.2662593649288261,0.2252662633399371,0.16963235549876093,0.27141204032758603,0.4699466379781522,0.2749621809806106,0.08033234602560987,0.14702525511792078,0.16520927988527656,0
0.3345025679525719,0.17827098333436675,0.34646873053855193,0.3091238054006662,0.18520506080406135,0.06560623698709549,0.3898048151810142,0.19380551740513113,0.1429559034583287,0
0.3075304430404074,0.35286072579600575,0.35911132036867044,0.08538234684044932,0.28078373602935264,0.14265124802827037,0.1689695783313697,0.3080765732608349,0.18620276369149838,1
0.10706264356695037,0.2273171090052409,0.11978997752828068,0.08461855380182651,0.2947973584844128,0.3056766106287142,0.2644655569580313,0.3875866334900476,0.45285059081201073,1
0.2540554280801566,0.20778325204771214,0.2495889457436323,0.13664697617559438,0.11772235981874468,0.04823269582035364,0.3122425812016134,0.25906815049684445,0.2905751822844761,0
0.17644523868379225,0.06179675856614851,0.1617706633616396,0.36116330166968885,0.30915069045253457,0.2524278767003466,0.2386101746258075,0.18408276891733508,0.3839359514296401,0
0.2616020122984733,0.47219181194688475,0.08837521142662373,0.13044594073220206,0.22742770186337502,0.20991768157727117,0.3198074141836477,0.09472555212439886,0.24317325351416405,0
0.42918818984043766,0.33257760176922074,0.15217451522505113,0.06906979901635824,0.29705892643605764,0.12386359071477385,0.3123085514963051,0.24473106177187015,0.05790226757415042,0
0.177060954282202,0.2768008049747919,0.20507809758192455,0.4457126297355847,0.06737820146834493,0.3898048151810142,0.08711137310010438,0.24172663767052602,0.023735585743273318,0
0.41392545575634554,0.07190766504741077,0.42960348611863036,0.15462066323013796,0.26795350886340996,0.3660769584278695,0.24964077644529367,0.3862508987362318,0.45823764268823985,1
0.23984543254815183,0.22348454344475896,0.3248738398062944,0.35051370030243584,0.2099885587636377,0.19277248937055722,0.13121101626586365,0.36737415405248103,0.2852844554381035,1
0.17291480502233647,0.17831518200101892,0.18758363331698008,0.21373674350180003,0.07264306489518152,0.2521381195512871,0.022394784138932186,0.11797447475375265,0.43039066494957035,0
0.1879764494937665,0.33626391639510483,0.449185617944791,0.20479081897446857,0.22331547764321336,0.17085110015782937,0.16926837396002548,0.3970981751548889,0.3158183959683519,1
0.3574690283010054,0.24933739716267,0.2905751822844761,0.2265205688314158,0.15129051943700828,0.07840789231622304,0.1317939276572111,0.11584628503081901,0.18520506080406135,0
0.2130365894555189,0.383081751830313,0.20196573398285986,0.14650817761944307,0.18467866554966592,0.1479829547323952,0.20115276408657765,0.16260848425798924,0.17522517639573135,1
0.45601920193225215,0.13531427159042342,0.3665981430453192,0.08625763870983823,0.04675178340792776,0.09689097504441964,0.08469224592860575,0.4239881227304314,0.06047356429632442,0
0.1637662343870361,0.10366676896657454,0.12184493815689404,0.1345969575748877,0.22485111204327557,0.14149756954472645,0.31622367521109346,0.10731852878611203,0.08711137310010438,0
0.028119862016362213,0.3723422285943185,0.2727656668250519,0.3264924482510817,0.3415790949729482,0.38721610294969555,0.26075720500532534,0.2538236576621149,0.1948032722072009,0
0.21684405118697317,0.46208754994387985,0.1755286468779144,0.3919060122256452,0.1281007954645392,0.15735801173472952,0.11917644734531349,0.3229319424452282,0.33696517842659773,0
0.26271474494465397,0.13277670454695814,0.3294426356569714,0.2696078734400148,0.2469978140986432,0.14990884275673813,0.4514246436655204,0.3648481260072006,0.27012949715838824,1
0.46333948892279797,0.1888708403240387,0.32335055151285713,0.39495230890987515,0.22812263369374752,0.3400134787721568,0.08029320549148358,0.281012561665826,0.1456982580479778,1
0.28353213793432475,0.23633832862171036,0.3738349603117142,0.31545329968070845,0.33028071883029547,0.383081751830313,0.35076049660351033,0.06572506366658327,0.34776592601733497,1
0.39942945114700384,0.18973599828581741,0.10523774267398957,0.17240388034685272,0.04085508073716848,0.06269059571381813,0.2194075411574123,0.31187874931823684,0.04374943513677865,0
0.34244991968080796,0.433638991187021,0.13121101626586365,0.3023235892012225,0.3118375560277116,0.22956552177702083,0.40366336198887837,0.26435130362903086,0.29748875491993476,1
0.12181720661999149,0.2115264988902703,0.2681283467596558,0.37444237979078976,0.012392695102084574,0.3288319790541777,0.418372419010401,0.3046816278955862,0.20172642671712773,0
0.22012499447800335,0.33375312171743193,0.1311489292943515,0.1667576598781298,0.13129820115480437,0.07000055481132424,0.132555717004055,0.06386141952591479,0.3854647354196298,0
0.46705209117991336,0.435047714198561,0.4421185650957929,0.27912924093232216,0.1456982580479778,0.29296072146538427,0.3564508269558869,0.26733150199223316,0.3390056782717869,1
0.18225271608148982,0.4833636764688617,0.11263135221931098,0.32611286885355023,0.4060400333301282,0.2705983672305057,0.34144488732107947,0.2730695848728664,0.35120225413407063,1
0.4694971144365682,0.1970974268117058,0.16601204208439163,0.19341159562180218,0.1788913448818642,0.10655147612402961,0.15735801173472952,0.20053086209193557,0.20540341797860773,0
0.26033740674574213,0.3300641977070581,0.38144603159778895,0.2504543070320684,0.4457999780313529,0.433103253726241,0.43371781082368893,0.3629628082076938,0.3691687799909258,1
0.4539243726510752,0.3010872143607997,0.33028071883029547,0.418573758544629,0.29127697356463433,0.3048462927594203,0.043126588932932905,0.29949537675571286,0.18784882636857667,1
0.2582982487325527,0.4733807988912834,0.11255307301894835,0.32521285936762706,0.28857992416874884,0.40793516770312105,0.3559911442565411,0.14155778689885581,0.21568189837950957,1
0.29559434164898835,0.09008839570859989,0.4396079387748229,0.22323203492752883,0.17473975979981024,0.2973389967193551,0.13044594073220206,0.2864790777877158,0.13046034516123703,0
0.15722363892724397,0.3342154329443207,0.29971885201513926,0.04209930106885634,0.09008839570859989,0.17038171297255778,0.08405354263024581,0.3164382709292886,0.08613444604381741,0
0.2388726712578234,0.22209000238545912,0.31171368623395995,0.42939093803614353,0.37915176361200054,0.39016680637967194,0.48389967831132713,0.1734738580097411,0.3887567683246919,1
0.12176905977541799,0.3986798777751998,0.3604661982286731,0.17307935569331012,0.291638243310367,0.16546338661927287,0.4523138881378154,0.28404838671560945,0.1603394356008913,0
0.17765480891888885,0.21319436242128254,0.329842314563769,0.20445291662152187,0.35718859414248155,0.20333451385589998,0.07269819075504799,0.19319312154411908,0.23411348492608364,0
0.2845353555558461,0.4349082814657267,0.24491427924628575,0.3462139491191829,0.383081751830313,0.27277089173880487,0.2018955823075235,0.1961121402092132,0.34237880920168456,1
0.10383982750263834,0.2973389967193551,0.44646053489753845,0.3564158077054875,0.028474002613059195,0.1763327324911443,0.26112932216844115,0.12717949333681589,0.3898800351597963,0
0.1607280138714005,0.30196599665780505,0.4172450493357058,0.27610475955848107,0.2947973584844128,0.1141374405578151,0.32521492798554963,0.2221777033899763,0.29385100253116553,1
0.3829721781473622,0.2641943172533442,0.3327435259813055,0.2258978677976305,0.26714440152960967,0.22446462761383237,0.3092154937929185,0.29558110862785786,0.31085473655823925,1
0.32990110291272895,0.20991768157727117,0.12293951401113604,0.22544471000134503,0.3126792784606412,0.04327382180276942,0.02161015160553523,0.16523641551194085,0.1891278280321002,0
0.3564158077054875,0.22651907041081248,0.4693136995431847,0.11973443080597816,0.07460062161395083,0.09619373216325065,0.190876676602913,0.23150245650462487,0.09228487331688039,0
0.2634368382260332,0.1136318508939563,0.3774306214463371,0.4407883647255526,0.1472491405495244,0.26109617357260195,0.3955122862430143,0.22978634424423106,0.309311302649725,1
0.11159065844805449,0.24453390879120734,0.17586714493573694,0.4173956680683451,0.2459223757903205,0.12356532882435226,0.2469978140986432,0.21959886405689666,0.23984543254815183,1
0.34364385452823293,0.2920709683379328,0.24001178825178876,0.22833138161499614,0.23478640678264084,0.29494096046370494,0.38600049272880527,0.35233153695845926,0.44907465133080354,1
0.2349962467304541,0.05442967213739776,0.3252921662154004,0.2342826488431083,0.1539889714438753,0.3501931647981427,0.2545036722699503,0.20363237046684496,0.14726965278640589,0
0.14990884275673813,0.16776691037595795,0.35407047093009325,0.2387063725529648,0.2951555734342563,0.43148878590584133,0.24619425323630684,0.32344115476092095,0.46470999783835987,1
0.20215680226383284,0.1317939276572111,0.3560980062857963,0.24473106177187015,0.40751987429749187,0.2149405324866141,0.23124118094353716,0.2590526748631292,0.14764253820012002,0
0.11408833844219661,0.14318689221936415,0.14902985391115658,0.2685979758428843,0.21183206883267103,0.12386359071477385,0.27633022220626874,0.09607275840107132,0.3091238054006662,0
0.25800518730051164,0.023968058057073985,0.1312216549820182,0.18816837806869793,0.1488005700142779,0.00846886124991294,0.4120361901381968,0.3943200867736246,0.16866122827144978,0
0.18511484923661017,0.10795685505481468,0.3391678287134117,0.196932190484579,0.3585530776605873,0.043126588932932905,0.20908139424161296,0.1795081761168122,0.36646326642266586,1
0.23663160928759472,0.06984151538205643,0.09210847871027089,0.16318692197839516,0.4103920203077458,0.2876738883642435,0.32248155573197096,0.13289882455802798,0.18636314111195865,0
0.2368349275529084,0.17822762926742655,0.32892429392477684,0.11762330882521352,0.14618092449917544,0.2351079441479402,0.17763614996431604,0.3526969374095395,0.34273162512696426,0
0.09689097504441964,0.3417644251162979,0.13762863703154263,0.09183419664517871,0.11625384679380908,0.2265205688314158,0.28493129429558356,0.1726801294477478,0.18399517422182463,0
0.10821183542692185,0.14749742438000868,0.18072440002728554,0.26543483007811447,0.3010872143607997,0.29646361358036843,0.22062367043854547,0.33620639121111573,0.22906763032555835,1
0.31957933240248376,0.3693375676306167,0.28794356112092134,0.3838865088730955,0.28176852313952644,0.3010224899592728,0.17120199472407388,0.25383134703084953,0.27541092083103685,1
0.06632935621977477,0.4184064682866771,0.09003231279694641,0.1585619235751805,0.19279359086866749,0.20092236174214867,0.22085608016439612,0.102432522255996,0.2412515495694694,0
0.17130926813508565,0.15092373356206382,0.21256919936134547,0.2545036722699503,0.26090990904338435,0.33696517842659773,0.211451997043864,0.04617636868404313,0.011652856082025164,0
0.34999209093239697,0.07211445054007277,0.30166973841949074,0.4693136995431847,0.24270430458689415,0.28249787105744845,0.23453473487265297,0.1876137923367139,0.023902521343764725,0
0.315676073190602,0.3840464664977977,0.26630509592376406,0.3624986854055606,0.389407785289148,0.44471719878965277,0.12432539741327568,0.2292142804059896,0.31171368623395995,1
0.2642548512443029,0.3403388683385919,0.29878278246103157,0.11339669924344285,0.3566186731728618,0.38729616404194545,0.2822848638354661,0.31619329364428117,0.2262465410802371,1
0.31171368623395995,0.08319676370983713,0.3084146813891013,0.3400134787721568,0.26998244868047233,0.19824321017308494,0.04613126182866165,0.2475600220183411,0.31906811886042175,1
0.2816983060173557,0.04828516776166493,0.09420604239771023,0.2038763178243961,0.22956552177702083,0.40783511427442176,0.1200263718558396,0.27244980788368217,0.4037730482603916,1
0.21604831498685229,0.3524437603137623,0.39550805392974403,0.32564398731398386,0.084711300630088,0.1199550481721847,0.32878647648603637,0.16310944275422914,0.18496461592656402,0
0.09771366870818857,0.17161981902377568,0.29924303089900106,0.24722696027441068,0.07718729007704533,0.24619425323630684,0.2440187674567259,0.16056735148759307,0.2459223757903205,1
0.21255970651903444,0.3604661982286731,0.42937595737451717,0.08554292764482627,0.162611514193337,0.3827319814780573,0.43360457451688583,0.2218709039485912,0.22018500492670262,0
0.438457245776,0.32956590717801476,0.05630094020385879,0.3848447546510678,0.15766463578721004,0.2853732902599886,0.20196573398285986,0.4514246436655204,0.4362118005397143,1
0.2186688285622316,0.27127329771457004,0.279201846832627,0.18610598615779625,0.009275489024002277,0.3000048765804462,0.3630462573774075,0.34695319818573894,0.1434070084706603,1
0.1257980992407483,0.3332826351497297,0.2732254939910258,0.4042184719604447,0.04285626016474367,0.3204959959715484,0.2975191900190285,0.11372064103783727,0.24956112111059564,1
0.13987040203131756,0.15733373312616433,0.15243199442652916,0.3207596684925123,0.20908139424161296,0.2862543839730889,0.3315371241354192,0.17588598526570862,0.2904846944620555,1
0.27026453167368586,0.222326369622484,0.08027802704458405,0.2881106588874585,0.4191893381297175,0.2651909896651827,0.25357866331265455,0.22086916659656472,0.22348498384372883,1
0.16147899798229298,0.3300641977070581,0.11091524070713506,0.3945365075946343,0.15339686381642428,0.4244216541643617,0.3887567683246919,0.36028433648859415,0.3808998601961908,1
0.34999209093239697,0.25906815049684445,0.26598510484976823,0.17291480502233647,0.36149478754795517,0.2145030816396692,0.1352594709156526,0.22654136904473532,0.14798068364031583,0
0.20833602821680924,0.08365385932283396,0.2771477505030897,0.36222804996006885,0.28619347753640245,0.3499867050036189,0.2822848638354661,0.36747134087646904,0.2701510519757151,1
0.3176282091295324,0.37626461256458266,0.20589563433779842,0.09210847871027089,0.2836596020183155,0.26426247872480646,0.30518751974280905,0.14643349703057865,0.24270430458689415,0
0.22429931792996,0.12708582256780063,0.1960918665854885,0.3431929464381442,0.30905435231459677,0.16474546099373644,0.05531266663994644,0.20400964377026995,0.26112932216844115,0
0.315676073190602,0.24281437319494092,0.20978646253631394,0.4385569522762399,0.20545459125007437,0.18869007371668708,0.15124620566881733,0.4172450493357058,0.25234647851365866,1
0.2327882647342686,0.49329515956291053,0.31410843409470485,0.3615675040267729,0.33028071883029547,0.3294426356569714,0.3720288033046855,0.1774278610607255,0.07190766504741077,1
0.13961911693227452,0.3551513995937738,0.33696015579809174,0.4006158603624946,0.2404254123467163,0.14530971373929893,0.3796918547422422,0.22209000238545912,0.28660622435066174,1
0.22443704216567315,0.07179191104163263,0.2788770642370812,0.24809327520971766,0.2079684232042804,0.16876696345591063,0.06560623698709549,0.30915069045253457,0.13044594073220206,0
0.16375041706572077,0.24908959722059945,0.4104065492190549,0.19783478130582172,0.2845353555558461,0.044997260440633215,0.3848447546510678,0.038596714906807696,0.196932190484579,1
0.1615565763499584,0.27129511608166484,0.1024098223485891,0.29269552446296954,0.2250941000167862,0.010181502294181024,0.18987548321806988,0.05401408724897043,0.26885018027634044,0
0.0901621638573955,0.23472670963238973,0.219918020893253,0.16916677748393238,0.1985609489930048,0.1281007954645392,0.11292075704223366,0.22742770186337502,0.24186653846477696,0
0.25509577057739996,0.4280447401659865,0.14155778689885581,0.43794772279789396,0.3010224899592728,0.1886560746843654,0.08590900786797917,0.35076049660351033,0.17140616779978451,1
0.2662593649288261,0.2655516532581159,0.2904056912010728,0.3564158077054875,0.2149461344262179,0.3238311986336285,0.12774115807156539,0.2079684232042804,0.3588912932079762,0
0.33672738925042595,0.4388475084697351,0.1293376077549865,0.27181570279338374,0.32825555437650755,0.33148902276924774,0.19854572710762006,0.281012561665826,0.3207596684925123,1
0.17556273784642087,0.16214821543068933,0.15749004575313125,0.3781008619642412,0.17419989510705997,0.2876250929990543,0.3315371241354192,0.41246951971540197,0.4091375988048587,1
0.21025013991566838,0.14499622016854344,0.1906354116184652,0.23797586871440063,0.33786469203220365,0.20885718319995522,0.3209864109528014,0.45601920193225215,0.2272915559167691,0
0.2935935647803982,0.28660622435066174,0.16375041706572077,0.490635375906476,0.3870485687654643,0.458488815548397,0.22377380853937306,0.45693373409388993,0.1782578530508264,1
0.32521285936762706,0.26714440152960967,0.2680387078719522,0.30908872096248774,0.12114368885031944,0.24281437319494092,0.19375882295243843,0.16115808147303665,0.27468645508632444,1
0.20881819416597208,0.17734627128937516,0.33761256801505984,0.08804891159435628,0.25354890759843535,0.24809327520971766,0.10104511040207086,0.26329287668390455,0.1728782817878565,0
0.26033740674574213,0.20829300239130938,0.1931682998505533,0.47716014520613476,0.25234647851365866,0.25272536102541604,0.32738783383067177,0.2730695848728664,0.2252608681381045,1
0.37660804919040075,0.2991944364312347,0.24924522391551,0.29646361358036843,0.08319676370983713,0.4296895509937229,0.47314499661344434,0.24587236446357352,0.20210043514722162,1
0.31860656073551,0.23142646996488067,0.1956504418669277,0.2686794511700217,0.08711137310010438,0.30184607399484253,0.18160998568225944,0.143108717083795,0.25705051221188074,0
0.02118883439027638,0.09607275840107132,0.25360695902124236,0.04647979806418124,0.15167572372559787,0.15862286431568062,0.22978271440241027,0.17321348681290527,0.23797586871440063,0
0.17723628619392673,0.030236072199761252,0.18204475962367442,0.2027889871395231,0.20760600501769605,0.12720292758160906,0.15852305834000865,0.21058778328078326,0.13762863703154263,0
0.10925437876431769,0.041623259740285884,0.25518282944309306,0.19625541023353116,0.29827973817808057,0.3501931647981427,0.27051907227421534,0.12774115807156539,0.4157029161404137,0
0.11070550931837958,0.3792683942014704,0.1406610608010307,0.27633022220626874,0.0826105676610719,0.2015222059593635,0.04973218878598362,0.18667607787066282,0.23549508832222849,0
0.04756512769548533,0.09204191607444759,0.24059435518425246,0.35445927332079125,0.30041206760481814,0.36462574348339044,0.37994575699966304,0.19727390966750233,0.13987040203131756,1
0.4104065492190549,0.3506385942845204,0.40679643272683946,0.1904538776268264,0.3248738398062944,0.14560630436588834,0.4294460596515916,0.36747134087646904,0.37349466160118683,1
0.3835643985862886,0.2773751700584702,0.27553785433261696,0.06426765424150799,0.13920100440685165,0.18578579597099804,0.3856840515107636,0.3207596684925123,0.3239424536074561,1
0.18297480042900133,0.124882730969611,0.2412515495694694,0.1287936831329045,0.21683243396858298,0.08535764582828331,0.10104400143445975,0.12774115807156539,0.013431363685574007,0
0.11422915938917719,0.1199550481721847,0.27988532689741613,0.132980692911633,0.21558784935831474,0.24317325351416405,0.2832033151804181,0.20335197323521967,0.2516587034668324,0
0.0854925515302756,0.1392202768028478,0.22477593165181556,0.1764567607586069,0.24172663767052602,0.3689987301740284,0.2541335123051403,0.12397933975109268,0.1569585916578653,0
0.18618143915619784,0.07929512768299575,0.13197118182105563,0.10243304158697526,0.35718859414248155,0.34857722323429635,0.36595060891835723,0.21563107577375856,0.18023346774651353,0
0.3635413695292572,0.28210885367395716,0.15819555727936488,0.34138863954020743,0.3379040634497051,0.17761470905901483,0.3298243596382233,0.16131426470117272,0.23472670963238973,0
0.21266112286627992,0.3778849244002616,0.21898987207276485,0.30196599665780505,0.2147751426778972,0.22255146720849506,0.19997387387734786,0.16297032606820902,0.281012561665826,1
0.23867808392574372,0.1961121402092132,0.32648256230220185,0.38595834009018803,0.10861170199198407,0.2905492877603164,0.4421185650957929,0.3097325384196542,0.1440855990454794,1
0.2335126080797369,0.22736264707383227,0.17655588795626287,0.2327882647342686,0.17991732579721878,0.34471319381448134,0.35043565800760745,0.31807208369102,0.3462139491191829,1
0.1257540487558306,0.1646732198373709,0.06057475229621499,0.15557508321221275,0.4068473389353285,0.08842095651435196,0.21345434981738476,0.20540341797860773,0.30752974579998293,0
0.1787959443690973,0.06426765424150799,0.29924303089900106,0.1886560746843654,0.27468645508632444,0.3166515382559535,0.18844609861641093,0.4385569522762399,0.020959293588258168,1
0.4173939824187458,0.030119220492144615,0.14683390934708598,0.13762863703154263,0.03738944111676039,0.15995428283319169,0.051991690670214745,0.24587261910942004,0.2836719165684621,0
0.3829552846489413,0.2464629384762529,0.33720185987531665,0.2789143644462814,0.300844880842814,0.3738349603117142,0.273145111512443,0.41392545575634554,0.13987040203131756,1
0.4060400333301282,0.32825555437650755,0.05571765560255818,0.4036181761270521,0.2404254123467163,0.2613223827455315,0.4775826772766417,0.15463467908311143,0.15339686381642428,1
0.13129820115480437,0.4079462948497676,0.0994687900869129,0.06906979901635824,0.08068169111145233,0.16693197941264423,0.17300018214273402,0.3067812357767593,0.27633022220626874,0
0.21423058249265928,0.09491754317883082,0.16520927988527656,0.34273162512696426,0.010907894164856411,0.19007671885653415,0.3353903012556843,0.36737197642049807,0.4239881227304314,0
0.16222178205389964,0.21641494952480672,0.3683934432899469,0.3868479843758283,0.46333948892279797,0.10861170199198407,0.1433408214368203,0.3054553637200812,0.4036181761270521,1
0.14487752469643134,0.1052792260424274,0.14785569299947499,0.33381341902041173,0.13871029020282294,0.35512265518196123,0.16091365480222128,0.35051370030243584,0.38847015015404884,1
0.276250604981793,0.2670910625179295,0.162611514193337,0.07811861706554,0.17418274747944784,0.32697756100109887,0.1953974134253425,0.1412162101847613,0.18422674666503125,0
0.3648481260072006,0.3011445663770541,0.33028071883029547,0.31747565575389064,0.44552812055105323,0.45875222467156584,0.2119459593283384,0.418573758544629,0.1759543102668468,1
0.1330644781184643,0.20930017163268738,0.20001124008244237,0.1607611742599493,0.1895101212989105,0.486191071405709,0.09036144290503768,0.27886125587971916,0.24186653846477696,0
0.14796381938015907,0.2575026085341505,0.21411387143822402,0.26879653785011576,0.05401408724897043,0.05159851831164396,0.2749621809806106,0.053576508091470645,0.11625384679380908,0
0.22740683732065692,0.2495889457436323,0.16319658813390747,0.24901594961396145,0.23606427556659626,0.2889446671323099,0.21683243396858298,0.49318268292660694,0.15077023736701986,0
0.372322580923262,0.48850958600975114,0.4296895509937229,0.36570177087905564,0.3822900187350864,0.28520671839051925,0.33720185987531665,0.225146661536017,0.26566917621698466,1
0.1539889714438753,0.0826105676610719,0.19646307084814205,0.291638243310367,0.293404227062394,0.4315384210468189,0.15571210941808777,0.1532429240372541,0.20503416446721717,0
0.16319658813390747,0.12036571193819318,0.10404088272157173,0.1488005700142779,0.2545036722699503,0.19648868747117795,0.12397933975109268,0.2193100584777694,0.27633022220626874,0
0.3637794316933224,0.3920825173502676,0.42960348611863036,0.2590555002913509,0.2570799698265889,0.2572928429580132,0.2802716164127543,0.30982698692719773,0.06572506366658327,1
0.24434631152171868,0.19064793426197957,0.23172120539621463,0.3810624082415013,0.08625763870983823,0.32329863253339897,0.04775645301855272,0.11538543934806007,0.06632935621977477,0
0.1889347702550058,0.10324873234302087,0.21928705806272702,0.33328196581172936,0.21898987207276485,0.2654917970784361,0.2705176190070512,0.1886560746843654,0.29878278246103157,1
0.27194446600495087,0.33681889860152847,0.21971480210427924,0.24964077644529367,0.21928705806272702,0.09719248272470989,0.29699588732210985,0.43526078729189793,0.3720288033046855,1
0.3585530776605873,0.2750563220491893,0.3246819172010231,0.40916472749221844,0.15243199442652916,0.3877421417484584,0.4164699282768096,0.28382661408255266,0.4407883647255526,1
0.29269552446296954,0.13289882455802798,0.06724085184733863,0.24186653846477696,0.2862306087406258,0.21100569335432728,0.20316731794683507,0.37096967735151737,0.17130926813508565,0
0.440405665555427,0.06585983436065385,0.2988329818850795,0.2221036415258847,0.21396150984241366,0.23662847483005592,0.3979426754029936,0.22542963335026966,0.12536571119591608,0
0.13575758529171528,0.3166747882517131,0.28619347753640245,0.2119459593283384,0.16240971500712412,0.25509577057739996,0.2167473998828176,0.42605998260771927,0.3624986854055606,1
0.04085508073716848,0.18399517422182463,0.2386101746258075,0.0858102751480946,0.26329287668390455,0.32423241394415914,0.148639145924433,0.2027889871395231,0.13274891636831848,0
0.36560276295142946,0.20253617601867524,0.3246819172010231,0.17831659809877967,0.3324953980779117,0.21617296060350227,0.04853018631035145,0.33720185987531665,0.3403388683385919,1
0.39627950503847353,0.2349798476610355,0.28102128506629587,0.1931682998505533,0.27774468647813966,0.22978634424423106,0.372322580923262,0.05760300683759151,0.23612742288475416,1
0.3307150608650054,0.3315371241354192,0.23291513660660448,0.23264695370735655,0.2822848638354661,0.3660769584278695,0.3885390583886132,0.20558248898571385,0.2881106588874585,1
0.2425883519590194,0.41031702677700366,0.23867808392574372,0.29204888714859006,0.2528420779418833,0.014195909751430272,0.23679547966974396,0.31366636302491263,0.2379378155192601,1
0.14702525511792078,0.17888063694288034,0.04973218878598362,0.16480692972494218,0.10303815008884691,0.3013954701425951,0.036528364765685405,0.45320396822800896,0.23584571763570708,0
0.011652856082025164,0.013921702244858907,0.31234376219877963,0.3083246489838916,0.07168832554413058,0.18810690708418765,0.2386101746258075,0.2082210550885975,0.2163496729749427,0
0.298359944412853,0.3713611603504215,0.31280024280490815,0.44722556642323175,0.3821187808157218,0.24069830142306567,0.29924303089900106,0.44764413708101347,0.4363447731293947,1
0.16222178205389964,0.24108429488563254,0.09436490678940201,0.3646232142301075,0.2196495555573017,0.1999648550600585,0.09955017448109137,0.14971421259319567,0.2344313323188517,1
0.2662593649288261,0.05401408724897043,0.053191174367043334,0.07980928373400842,0.42781932351069163,0.2687274512550822,0.05265912424818795,0.13665238289469328,0.13499397326186793,0
0.4690801938018723,0.05571765560255818,0.07720020761940141,0.12690976745791202,0.3110404000121116,0.35445927332079125,0.3248738398062944,0.366392367897617,0.33148902276924774,1
0.1877172583052498,0.36538685431852597,0.42741491003188953,0.09947827665071086,0.10383982750263834,0.15722363892724397,0.25518282944309306,0.10558289905752798,0.24931270982481893,0
0.14423106523467755,0.003960744134425204,0.43158103775335954,0.2241221124203135,0.25383134703084953,0.3781008619642412,0.4006158603624946,0.11901922241311239,0.11535071636798767,1
0.27323618191799176,0.3023235892012225,0.3363198329206761,0.042508825796094614,0.434680825622837,0.383081751830313,0.2099885587636377,0.3447277867485235,0.09204191607444759,1
0.45635588021935236,0.21021137757382818,0.37096967735151737,0.00846886124991294,0.24587261910942004,0.2540644507835377,0.32423241394415914,0.06801916943505788,0.1236859874185986,0
0.21318902982024318,0.10220375519535041,0.21563107577375856,0.14683390934708598,0.18378156039801732,0.06801916943505788,0.27421400755106246,0.18904360960673364,0.2616020122984733,0
0.2878077825458243,0.028081748405054188,0.18408276891733508,0.10243304158697526,0.14402693982586579,0.3230578878437578,0.13499397326186793,0.3401802466202542,0.08573673950293187,0
0.16480692972494218,0.40751987429749187,0.31622367521109346,0.2323218227377056,0.2827838397887578,0.13044594073220206,0.22018500492670262,0.15852305834000865,0.15670036230130188,0
0.3098836410275177,0.12590012987291707,0.23124118094353716,0.29269552446296954,0.15995428283319169,0.04647979806418124,0.34176028675426073,0.24336100516705741,0.46727353508243064,0
0.07417257869495346,0.22894270710630102,0.17484454254087242,0.053191174367043334,0.10303815008884691,0.21345434981738476,0.15546497400896192,0.4238524891263433,0.18515255976733475,0
0.47716014520613476,0.26493537435759895,0.44722556642323175,0.26267663610237657,0.34737389986101835,0.18891328134931165,0.2456847254493511,0.3956202128999155,0.4336955434101268,1
0.27041771724397884,0.40012238015926205,0.4046235736581275,0.17241969013362432,0.24630662359161407,0.28614360565447555,0.08671787552956121,0.29296072146538427,0.3795880900988508,1
0.29226867217793057,0.2701510519757151,0.355609201583911,0.0237900199250656,0.3829721781473622,0.4598259215937044,0.304507810313997,0.1597393277747018,0.4267224763081416,1
0.37295778728410306,0.21604831498685229,0.06349809479976325,0.2725372549513801,0.27307135919314957,0.012293883053067544,0.1345969575748877,0.190876676602913,0.1466096619228013,0
0.1534870718056336,0.16250132065890308,0.34646873053855193,0.1646732198373709,0.013921702244858907,0.36229536426248965,0.12898128338800102,0.13507925097808682,0.3433461472281548,0
0.17085110015782937,0.35051370030243584,0.34756824446395745,0.17161981902377568,0.21266112286627992,0.2502479855057897,0.4625530550506577,0.2917759787003781,0.07991161616516013,1
0.38547364083942937,0.1434070084706603,0.346913004109724,0.21311195907191172,0.3537853751766904,0.2773751700584702,0.43526078729189793,0.17540210865399233,0.30332794162400245,1
0.3246819172010231,0.34361509189654355,0.39129928842010386,0.25488144238127114,0.3147701711994544,0.40220855305283726,0.08248370836616234,0.33325950965982304,0.32825555437650755,1
0.2478497725783128,0.3176282091295324,0.2575377169011426,0.10623723143223787,0.31948498393646774,0.4257028008505237,0.21336817263050256,0.18251380648890042,0.3617802498799116,0
0.45285059081201073,0.14013552906674961,0.3970981751548889,0.1548379022372321,0.1493673714701878,0.13871029020282294,0.4652732828130787,0.42216622650419827,0.3462139491191829,1
0.056537288489998984,0.1287936831329045,0.08711137310010438,0.3324273569858356,0.24666657532584316,0.08714731798455674,0.0761623512164516,0.2221036415258847,0.2625173998509925,0
0.3055608801232966,0.4454696176718546,0.2471574518692226,0.20681726293421887,0.20716585520049421,0.2737704313979109,0.12906376117073842,0.32578278488096873,0.40220855305283726,1
0.11310591090901516,0.16668200979148623,0.2676357482949017,0.17822762926742655,0.012338080757603922,0.30110126965277406,0.38988094091593284,0.1391179223202883,0.42862662969493126,0
0.1928145153859372,0.3033434116570619,0.456806479343583,0.39495230890987515,0.32825555437650755,0.22438690042906856,0.08753362830357116,0.3605978982957748,0.34512135967617086,1
0.12356455586353905,0.2194075411574123,0.11932941781402388,0.26093431831402636,0.1582518050578655,0.4103920203077458,0.17253871208961694,0.084711300630088,0.3566793535225482,0
0.1749022042409477,0.05861385754809536,0.322882710653077,0.13665238289469328,0.05072536630176425,0.10243304158697526,0.18618143915619784,0.22454656253591904,0.20857831462825993,0
0.16523641551194085,0.12940554861811748,0.09629050066977492,0.2323218227377056,0.27141204032758603,0.1906354116184652,0.2205252644729165,0.08711137310010438,0.34176028675426073,0
0.44577988307193855,0.24083379788706086,0.17443334027993626,0.003960744134425204,0.24491427924628575,0.281012561665826,0.35445927332079125,0.3566186731728618,0.1607280138714005,1
0.17723628619392673,0.19521021644931671,0.21345434981738476,0.10660390209758222,0.08280188897394672,0.14611448008815425,0.34035160885900817,0.11973443080597816,0.3024467380423083,0
0.42605998260771927,0.12432539741327568,0.29890869370945583,0.0,0.39579554392770494,0.20920709668708204,0.2705176190070512,0.05542627734882893,0.2210495000641026,1
0.16147899798229298,0.24587236446357352,0.16716783675728625,0.17120199472407388,0.17334292066585752,0.2701510519757151,0.10324873234302087,0.24635375602923373,0.3155397642846975,1
0.20772691581754385,0.25906815049684445,0.1987725347001206,0.0839530786493005,0.06300143210951595,0.4082363754508134,0.20503416446721717,0.11041964444924944,0.2626038733482005,0
0.3341091163174151,0.3877851112695089,0.2291237298277125,0.21683281215003292,0.14055671139021042,0.16892363744158592,0.22429931792996,0.34925605760332906,0.20001124008244237,0
0.21040490502197726,0.28102128506629587,0.15766463578721004,0.13133029080688077,0.22477705162984776,0.1451066916698788,0.2747023252720631,0.31428850842896994,0.29074145097449383,1
0.1956979270187401,0.2571485105562902,0.22055822367097827,0.2036142303839996,0.34835673263070605,0.20906781046579825,0.09702009005216447,0.15243199442652916,0.21924282908501322,1
0.3723422285943185,0.1800466051488554,0.19003383828668663,0.19014133717909107,0.14902985391115658,0.3345025679525719,0.23134692913960975,0.20860443818396615,0.23182169661272747,0
0.22670108925490332,0.18417010222269037,0.24146264425088831,0.21318902982024318,0.23062003048824925,0.4562599839294395,0.05790226757415042,0.016238010841752207,0.27419477267731035,0
0.34885602297000806,0.43371781082368893,0.4693529222386337,0.4768629176089246,0.21917274908095905,0.17599697313411028,0.4336955434101268,0.44907465133080354,0.11978997752828068,1
0.18378156039801732,0.1543025878314966,0.2724183161771699,0.026304240421667163,0.10558289905752798,0.15092373356206382,0.3147484271880524,0.2458858764241851,0.2563276316152954,0
0.4704010793057361,0.18578579597099804,0.4676391328996543,0.2741939346387217,0.3798585957604618,0.10597928408583251,0.16435052095598188,0.18589900686050542,0.1479829547323952,1
0.2144360370727543,0.09008839570859989,0.3209410327199833,0.1279427795682097,0.0854925515302756,0.0938077891156424,0.16835541419810096,0.22742770186337502,0.05656059740620283,0
0.4039663651011383,0.40812396027425535,0.2762806837856822,0.3437385360341122,0.29127697356463433,0.17951978190219983,0.19405693420874742,0.23621463841096882,0.33381341902041173,1
0.3921500312263095,0.3090200751989715,0.33720185987531665,0.05763510876998965,0.33869108450574126,0.32335055151285713,0.29774917234657095,0.24593703076042708,0.33931762632737084,1
0.19632179509880446,0.3267131325852025,0.2367810297194009,0.26090990904338435,0.13572544096071604,0.17130926813508565,0.3501931647981427,0.13537186728378733,0.2072594990726749,0
0.30947642778230017,0.1839649518073094,0.4080097379248399,0.32990110291272895,0.09918737895742764,0.21505450404733154,0.3385299270988087,0.2781729708679697,0.04327382180276942,0
0.13346154451357906,0.1645908662717267,0.4068473389353285,0.06466303226594551,0.1587255264768675,0.21474596293676604,0.33786469203220365,0.02027397288106858,0.13522143450660565,0
0.40476707584838106,0.11070550931837958,0.2812799303563418,0.09337027980772598,0.15735801173472952,0.2723094429041871,0.29559434164898835,0.23411348492608364,0.09782898112226665,0
0.06367579105102028,0.482474417395397,0.09805261005397668,0.09427290156341665,0.42741491003188953,0.25766096060813604,0.44289844684526036,0.059589225205468936,0.21815105766524906,0
0.16601204208439163,0.07772788821635342,0.22938510291279082,0.08579281000292639,0.11544656124713573,0.10623723143223787,0.06380629889618386,0.28147414268042487,0.18501793003271555,0
0.29558110862785786,0.2072221783972546,0.29204888714859006,0.399956193560927,0.449185617944791,0.18584814337674663,0.37994575699966304,0.4362118005397143,0.1383336570165239,1
0.08719631480925082,0.17743914870013028,0.1425974187771713,0.35652335995389856,0.15556317149818963,0.018064002915143748,0.3574690283010054,0.40759598874078584,0.3810624082415013,0
0.31084936774649596,0.4349082814657267,0.24453390879120734,0.22956552177702083,0.09436490678940201,0.08707133436448508,0.10861170199198407,0.1597393277747018,0.10297362915932437,1
0.20445291662152187,0.10460256634526026,0.19334868750136494,0.02118883439027638,0.30182170937472547,0.20192092253150362,0.1565167346714749,0.33786469203220365,0.09644832990046551,0
0.24619425323630684,0.29008710522144926,0.2571485105562902,0.17101564654602358,0.33381341902041173,0.19340388795529803,0.26167411066468005,0.2246719058404871,0.21144627869424162,1
0.35117336436850993,0.08093591855937382,0.14605962784536924,0.14263665879660714,0.02118883439027638,0.1985609489930048,0.13790479078792678,0.24473106177187015,0.3367181684528614,0
0.3854647354196298,0.2342826488431083,0.2575377169011426,0.2955215736448859,0.24933739716267,0.24270430458689415,0.10762040630063972,0.1476824823372408,0.16892363744158592,0
0.1746324139657422,0.18501793003271555,0.32878647648603637,0.2872980957047578,0.32564398731398386,0.22429931792996,0.16480692972494218,0.2254873684606239,0.06271667067936815,0
0.46727353508243064,0.0822920904894526,0.31112401598173617,0.329842314563769,0.18215430316171852,0.1582518050578655,0.113527293134753,0.27051907227421534,0.02382687630606093,0
0.14708181522999123,0.013921702244858907,0.1311840713352822,0.12590012987291707,0.30721414540774367,0.2046967269384002,0.0822920904894526,0.20848967708218746,0.1171368932841566,0
0.44471719878965277,0.19496780180363574,0.298359944412853,0.27628857901610543,0.20181855809983595,0.38847015015404884,0.27356400424183824,0.08089035138949553,0.09702009005216447,1
0.2685619563585358,0.32764762365015815,0.298359944412853,0.2018955823075235,0.29732431441687496,0.36760795767735627,0.224219141789619,0.30893813995561886,0.47314499661344434,1
0.13830693023006999,0.19521021644931671,0.19382208696837755,0.2544815988698207,0.20622892187600753,0.3560980062857963,0.4120361901381968,0.17032778994318687,0.24283038997076062,0
0.37349466160118683,0.34361509189654355,0.24815160415878035,0.4388475084697351,0.34756824446395745,0.30694034544190435,0.16931118630260736,0.4042184719604447,0.04853018631035145,1
0.13288559090740884,0.23454076706571333,0.12505383713631857,0.26584859268152383,0.16480692972494218,0.23997770970119922,0.14131423489764172,0.27141204032758603,0.3046816278955862,0
0.3397775299429338,0.21971480210427924,0.28520671839051925,0.2819012871959126,0.2754025681997944,0.14833072088177324,0.3856840515107636,0.02051665290392639,0.2867615046893868,1
0.21893169824012057,0.11827191513699947,0.19934617301435326,0.20772691581754385,0.3341091163174151,0.21844361262591291,0.12270455352293512,0.2974341984475885,0.15334170360037216,0
0.20941674941193597,0.2925553199941786,0.2615554830785521,0.2232741796692672,0.2869738795496367,0.2613223827455315,0.13277670454695814,0.2917759787003781,0.3057552339901569,1
0.06705541785473292,0.45875222467156584,0.040182575378939524,0.22559490458872788,0.043126588932932905,0.38458730425202636,0.3885390583886132,0.3707838345027936,0.04756512769548533,1
0.4497700500116131,0.42630602789682026,0.20210043514722162,0.2109761247589719,0.18578579597099804,0.145637104824723,0.31633361770156526,0.3956202128999155,0.17161981902377568,1
0.27051907227421534,0.2575377169011426,0.07229258724535917,0.34051097436816646,0.3207874301483882,0.20441871428656722,0.023061074811321636,0.10660390209758222,0.46208754994387985,0
0.366392367897617,0.31344115604761863,0.3838572686074638,0.17905763634525887,0.18040403811490718,0.383081751830313,0.26460791877892126,0.38458730425202636,0.00267548400971181,1
0.2688256191162293,0.2642548512443029,0.26795350886340996,0.23988934481014038,0.4693529222386337,0.36570177087905564,0.27334320516095584,0.40679643272683946,0.17761595418164852,1
0.422313127354589,0.06426765424150799,0.26084646754240376,0.2685619563585358,0.34739283726031706,0.15003791783263606,0.07991161616516013,0.24045728458748022,0.14842845760585288,1
0.2252608681381045,0.3207776347732981,0.40953552986433917,0.24788857701318348,0.3049801538544498,0.27244980788368217,0.43989082946789393,0.15048073460085057,0.28579543454141365,1
0.13764822164636464,0.26890970525387276,0.13795326283653672,0.20907714903086577,0.3046816278955862,0.2955215736448859,0.42381379355867066,0.4561460849453651,0.12466799912195853,0
0.2749621809806106,0.12058079584252004,0.08154072536286608,0.084711300630088,0.12072023717776001,0.1449676711597831,0.14145858539731473,0.3379173565048125,0.02854252936612873,0
0.06466303226594551,0.12285931940764845,0.18156621449373872,0.1336940110179439,0.3408201803436445,0.08220246058198918,0.07926280953405879,0.2781729708679697,0.013995867779652109,0
0.14643349703057865,0.42741491003188953,0.08033234602560987,0.19721663241524306,0.28950088452709416,0.24809327520971766,0.3264924482510817,0.09160858279500038,0.10655147612402961,0
0.24469935806263673,0.2905492877603164,0.17977674378471672,0.44170787775802595,0.35233153695845926,0.23988934481014038,0.174461388494779,0.43371781082368893,0.22062367043854547,1
0.12226246503929954,0.06656845901534975,0.03168290285286441,0.11584361578284987,0.05531266663994644,0.18325152333837605,0.2348550520475871,0.059589225205468936,0.27980075042748226,0
0.16250132065890308,0.3876396083327793,0.31622367521109346,0.30435096643416565,0.012933283768304556,0.24697780742452047,0.22160994099606146,0.10473832362230413,0.177060954282202,0
0.10960553296190641,0.28353213793432475,0.2590923102275791,0.2262465410802371,0.13133029080688077,0.3304328526385009,0.1731899387700255,0.3707838345027936,0.2741939346387217,1
0.3031375594955395,0.16095573889696982,0.3506261364683658,0.26749691603303816,0.2561226529195497,0.19783478130582172,0.38458730425202636,0.44907465133080354,0.24059435518425246,1
0.25888177076720925,0.22085608016439612,0.38917800876478165,0.2781729708679697,0.28147414268042487,0.4176209916053018,0.09003231279694641,0.21217698900069482,0.42937595737451717,0
0.023779597764597184,0.21336817263050256,0.38994913289606686,0.2069350468736702,0.42781932351069163,0.12590012987291707,0.14999584324675191,0.2614158818525596,0.06380629889618386,0
0.17208291279910307,0.21058778328078326,0.19064793426197957,0.30659142528062877,0.1309219382038334,0.33435768524323756,0.3866605927671815,0.2616020122984733,0.43360457451688583,0
0.27356400424183824,0.27541092083103685,0.25696704708814033,0.20716585520049421,0.18479028962524002,0.47092326495529296,0.34471319381448134,0.2130365894555189,0.24941434236976676,1
0.318870889762758,0.11579162506054202,0.2051284490256842,0.18962836750651335,0.39207568795310416,0.00267548400971181,0.3084146813891013,0.09276047127543155,0.18492162254771607,1
0.14915793897304583,0.1058313180350033,0.04647979806418124,0.22724895132581932,0.23380020432029563,0.3288319790541777,0.27419477267731035,0.18904360960673364,0.09782662027314239,0
0.07367504674067343,0.06572506366658327,0.4676391328996543,0.28610553562933433,0.4775826772766417,0.4217586011095412,0.2349798476610355,0.35051370030243584,0.3674262923563994,1
0.22062367043854547,0.24801182369211908,0.22309118271672404,0.40412486510398005,0.22377380853937306,0.37236401485235526,0.3145575972438358,0.26493537435759895,0.3654885011734692,1
0.3566793535225482,0.35430311112935486,0.180699840771242,0.04446755100975851,0.2030758341042048,0.17596315080550404,0.12282486475041136,0.16814108028174427,0.14725265373898466,0
0.16622244365905692,0.07000055481132424,0.3028294942278441,0.22399299510856358,0.2789218281760838,0.2774951856108964,0.014547032731085591,0.31187874931823684,0.11557507373284354,0
0.16435052095598188,0.29074145097449383,0.13145645463350125,0.26460791877892126,0.16187544055092704,0.27628857901610543,0.28080626047235935,0.08776455123198577,0.06705541785473292,1
0.06705541785473292,0.14398110311325216,0.33681889860152847,0.20807652473249744,0.37446494064446934,0.3615675040267729,0.2683185429304877,0.04113371184853894,0.4140346201896093,1
0.1539889714438753,0.3100215573435094,0.1653623482048823,0.19721663241524306,0.1746324139657422,0.09329184944755278,0.05632186330932682,0.24933739716267,0.28501632580543657,0
0.3376493578634025,0.1433408214368203,0.2525393078971988,0.34463837069616926,0.22438690042906856,0.3967514478951978,0.37984719013163787,0.1509591604492641,0.09719248272470989,1
0.3228696689897938,0.174943184326161,0.3707491229724658,0.3278498170287711,0.04113371184853894,0.16428673467269467,0.27641900928419966,0.14910815039396963,0.29230885270096196,1
0.14149756954472645,0.15334170360037216,0.113527293134753,0.3839359514296401,0.3574690283010054,0.1004472372660636,0.10303815008884691,0.013431363685574007,0.211451997043864,0
0.09782662027314239,0.30681185581837184,0.3567441235069356,0.33947991487478957,0.22854580225261797,0.4315384210468189,0.3046816278955862,0.24809327520971766,0.2681283467596558,0
0.06269059571381813,0.355662511761075,0.3083246489838916,0.1349957007335779,0.19690498486955973,0.21256919936134547,0.14764253820012002,0.20503416446721717,0.08535764582828331,0
0.28520671839051925,0.22941331109820007,0.11372705895767347,0.2999247528075995,0.29966182170100075,0.21107786888565835,0.2109761247589719,0.342096838416491,0.28736550514659287,1
0.09982335381772921,0.26711247228135,0.3229319424452282,0.2542985693016425,0.1374806333854085,0.21336817263050256,0.09757091607173447,0.18758363331698008,0.3408201803436445,0
0.38328495107767474,0.20049329790613654,0.3898048151810142,0.4571984898844028,0.11973443080597816,0.030119220492144615,0.06316781968442693,0.1473850925787195,0.3176282091295324,0
0.23134692913960975,0.2560386453380064,0.16070039688127866,0.11827191513699947,0.12262001338074523,0.16132213594866832,0.20215680226383284,0.2193100584777694,0.06349809479976325,0
0.10038484418929466,0.3049801538544498,0.28787929108651056,0.41425570815844276,0.13961911693227452,0.16322738556472788,0.3200767360401807,0.38458730425202636,0.28579543454141365,1
0.1199550481721847,0.08173259326807436,0.1543267970664907,0.21839410629450054,0.1800466051488554,0.06737820146834493,0.2826223490098661,0.11292075704223366,0.29302980909738413,0
0.2651909896651827,0.1787959443690973,0.22659563253845477,0.23264695370735655,0.25727243225160906,0.357202464806294,0.32578278488096873,0.09228139000071449,0.21311195907191172,1
0.35358299899630696,0.1931682998505533,0.3271213415025401,0.2881106588874585,0.2234862471356216,0.1280675926481154,0.22477705162984776,0.30747952428219905,0.19139165410938835,1
0.26630509592376406,0.1700457074747259,0.25234647851365866,0.2627745959810888,0.38606959541972174,0.26025889264328933,0.25004371393236235,0.3135771048327406,0.34776592601733497,1
0.09359294545534767,0.16131426470117272,0.20907714903086577,0.06316781968442693,0.12262001338074523,0.2575026085341505,0.17750493416167618,0.1603394356008913,0.22272067571995724,0
0.053157991194830716,0.27136236720399143,0.33720185987531665,0.12115473825193446,0.2630653644577574,0.4091055875762874,0.19496780180363574,0.2884417065440717,0.1925601643921631,1
0.132555717004055,0.13151943703823185,0.21058778328078326,0.20177123363641675,0.04374943513677865,0.23472670963238973,0.23653822121734014,0.1330644781184643,0.2542985693016425,0
0.138769256547526,0.059921597594361255,0.10053623813156723,0.45635588021935236,0.04973218878598362,0.21159800516840208,0.056537288489998984,0.17827098333436675,0.1412162101847613,0
0.2186688285622316,0.174461388494779,0.4676391328996543,0.26193409635382303,0.2905492877603164,0.300537134754707,0.2920709683379328,0.41752906223015507,0.39034228784324265,1
0.2680576110497808,0.14250625853497548,0.11422915938917719,0.17444336324487345,0.1476824823372408,0.37444237979078976,0.16814108028174427,0.45635588021935236,0.056919011099828415,0
0.30332794162400245,0.3092154937929185,0.11382752367725255,0.17987043278322043,0.3360349748393844,0.13687128259606157,0.3799317929074825,0.3719267326734901,0.13155079455533863,1
0.20973302364671947,0.331722722431157,0.21573852818280287,0.04647979806418124,0.2543161146328632,0.21933163576492345,0.34172303040968577,0.018064002915143748,0.06047356429632442,0
0.298359944412853,0.3422775339570899,0.25982378067932255,0.2862543839730889,0.309311302649725,0.26435130362903086,0.029116179119403375,0.20874564872957024,0.18072440002728554,1
0.4690801938018723,0.20906781046579825,0.2232231249789916,0.3267577033815713,0.2440500505736501,0.2567143993986384,0.32825555437650755,0.27982610644260425,0.3553945266831016,1
0.37984719013163787,0.32764762365015815,0.1044952268652393,0.24941434236976676,0.3799317929074825,0.07299018069972361,0.3513763748692266,0.29672194791254924,0.13871029020282294,1
0.1388647663370546,0.18040403811490718,0.24788857701318348,0.30047573748070183,0.18578579597099804,0.20810817160885475,0.357202464806294,0.35445927332079125,0.37235044682296126,1
0.05072536630176425,0.1312216549820182,0.2680576110497808,0.3362111316794064,0.15568602950663296,0.06632935621977477,0.26075720500532534,0.010181502294181024,0.2426524383194093,0
0.13354384175094938,0.13151943703823185,0.3986798777751998,0.2631609117763368,0.07210060257920708,0.08482305098915922,0.2250941000167862,0.47959803911081456,0.16835541419810096,0
0.3400134787721568,0.29044846607274266,0.4191893381297175,0.1703730303052684,0.2440187674567259,0.366392367897617,0.32578278488096873,0.3692839815247651,0.14191541770500216,1
0.23871064381003138,0.30629521144582333,0.31882602465170007,0.4150224413045848,0.3242484899256845,0.4075018678871146,0.3499867050036189,0.32289493090049776,0.2705176190070512,1
0.16260848425798924,0.14595208543155352,0.18784882636857667,0.4006158603624946,0.3781544595178579,0.057847382557639625,0.3260007623666066,0.2440500505736501,0.4548596001374037,1
0.14796381938015907,0.19279359086866749,0.18410030413310388,0.0842449774660517,0.4693136995431847,0.14643349703057865,0.08022893512781948,0.27509430435077076,0.19458959058446784,0
0.18650749167555492,0.3629628082076938,0.3148482440162332,0.14155778689885581,0.3970981751548889,0.14533909580447002,0.07299018069972361,0.4172450493357058,0.27578437838685965,1
0.08471823546649321,0.13761794384008771,0.47716014520613476,0.37223175403456393,0.3011445663770541,0.37984719013163787,0.040182575378939524,0.4135984601007451,0.12115473825193446,1
0.33414959711216,0.40959698437932385,0.39495230890987515,0.13961911693227452,0.04546433764857343,0.26005422695288877,0.21813876163051527,0.22488954835784875,0.20456995938219427,1
0.1287936831329045,0.3027358290778269,0.1651264424640485,0.27073363775958775,0.11601996114800339,0.15149774003118108,0.07454483066701342,0.23318067515824933,0.10243304158697526,0
0.22654136904473532,0.34172303040968577,0.23506473280902884,0.20625865469464957,0.04097677133174876,0.07417257869495346,0.4545967201406262,0.08703476593851091,0.06906979901635824,0
0.1607611742599493,0.25900712276199905,0.31112401598173617,0.1543267970664907,0.08625763870983823,0.059589225205468936,0.22359516149194486,0.05861385754809536,0.12887140974337444,0
0.20885718319995522,0.23909387599771806,0.1788913448818642,0.37102326733855195,0.15556317149818963,0.1939335608534588,0.10473832362230413,0.1764350305005194,0.04639423667236655,0
0.27088377942031017,0.2803671123051746,0.3188871893716606,0.2051284490256842,0.30832577669548106,0.13425906587662692,0.25570075370682976,0.11579162506054202,0.4558878703981215,1
0.4405657819493828,0.30972400708202585,0.2881106588874585,0.33148902276924774,0.3437385360341122,0.07147519491402729,0.4421185650957929,0.22583301107383644,0.20906781046579825,1
0.39495230890987515,0.3513763748692266,0.17905763634525887,0.4630621489644525,0.24132849376745624,0.4188724657174672,0.20005617777970425,0.2977064537187865,0.15895468641421234,1
0.196932190484579,0.43178635671472215,0.28800999993801746,0.33251350200473506,0.1774278610607255,0.17587201267083083,0.27244980788368217,0.20479081897446857,0.26435130362903086,1
0.4082363754508134,0.17240388034685272,0.19116013384654246,0.22609466845219858,0.44646053489753845,0.1835159764848244,0.34202204271578185,0.3342154329443207,0.22724895132581932,0
0.1839649518073094,0.12690770312480218,0.10575031695187635,0.012502962637622565,0.20192092253150362,0.15241075267219015,0.2036320722586455,0.1785572609225303,0.26329287668390455,0
0.22309118271672404,0.2775560707066471,0.4164699282768096,0.30696674525771395,0.09032586285985761,0.3033434116570619,0.21884611502208123,0.3376811896194283,0.4454696176718546,1
0.40268828920716687,0.3574858671048281,0.490635375906476,0.04828516776166493,0.39627950503847353,0.1363609976577048,0.1220655781623951,0.0657872579242298,0.4135984601007451,1
0.11288558687059819,0.06466303226594551,0.011652856082025164,0.1048983439413979,0.2862306087406258,0.08723993643474987,0.14732574396184894,0.11701300031388434,0.25698018570404496,0
0.1667609863291149,0.14099784571274193,0.23730420306326264,0.2501966243520738,0.09827089741980917,0.17038171297255778,0.1106750128081215,0.04727378716118521,0.1236859874185986,0
0.4775826772766417,0.17519510903355254,0.23981685030310257,0.3821187808157218,0.34196801084264256,0.2596186430824424,0.22468463909922337,0.0,0.015115282074478582,1
0.13145645463350125,0.2836377614021889,0.1273177206168167,0.20503612195346274,0.19405693420874742,0.32814214016756876,0.3115775842559665,0.32289493090049776,0.2802716164127543,1
0.27421400755106246,0.2547136425239541,0.10303815008884691,0.4693136995431847,0.24855112527296958,0.13795326283653672,0.14055671139021042,0.2541335123051403,0.26739972420595276,0
0.30721414540774367,0.1321211959354688,0.2575026085341505,0.1930277488998136,0.40263798941185275,0.2812799303563418,0.04327736106892908,0.11613514697974506,0.19334868750136494,0
0.22100192770649318,0.09881316430086816,0.36868886283034064,0.31411734948523096,0.4244216541643617,0.21917274908095905,0.07147519491402729,0.2583595369687055,0.3566186731728618,1
0.34646873053855193,0.18450165153179476,0.3410758384663013,0.16800961570895995,0.1539889714438753,0.4694971144365682,0.15819555727936488,0.31330324521916597,0.31948498393646774,0
0.27912924093232216,0.26733150199223316,0.389407785289148,0.20631837409889014,0.33164640603290163,0.38973958186419533,0.3985515768171837,0.296517892323651,0.07147519491402729,1
0.14392930888865282,0.17583009977738068,0.09477064887502173,0.25963498909140137,0.11472408162554125,0.14999584324675191,0.1891278280321002,0.23182169661272747,0.12536571119591608,0
0.1903411324383291,0.09081422447009642,0.044997260440633215,0.36646326642266586,0.366392367897617,0.19997387387734786,0.28700883188873544,0.4558878703981215,0.3136909306508135,1
0.3570895882327042,0.1273177206168167,0.06705541785473292,0.25488144238127114,0.16222178205389964,0.3524601199588501,0.23867808392574372,0.33148902276924774,0.24239296183422113,1
0.06523862004321926,0.09634519860148776,0.3453411256923481,0.13161268064974482,0.17583009977738068,0.20363237046684496,0.31330324521916597,0.28501632580543657,0.12285931940764845,0
0.24186653846477696,0.1985609489930048,0.3431373665785209,0.05382402213982757,0.1987725347001206,0.2588268993868549,0.06269059571381813,0.1425974187771713,0.12184493815689404,0
0.22454656253591904,0.34522752459093775,0.06563468623556226,0.05861385754809536,0.45320396822800896,0.4839046116320131,0.22556063180670838,0.2614158818525596,0.04085508073716848,0
0.2544815988698207,0.2079684232042804,0.044756861894782285,0.07929512768299575,0.1868821839417817,0.28950088452709416,0.3723422285943185,0.2046967269384002,0.47219181194688475,0
0.13091749956639404,0.397096357924661,0.12120728539986099,0.2259110372579106,0.08715773831755577,0.13819058000214532,0.30947642778230017,0.24179324744017786,0.2950820521351249,0
0.09805261005397668,0.06724085184733863,0.20684418071907498,0.3198074141836477,0.18744176643341,0.09896176389159696,0.3772551146832741,0.10159113798814526,0.24697780742452047,0
0.06380629889618386,0.22282020530082633,0.3351286275827903,0.14276651460795922,0.18496461592656402,0.1681115208714654,0.10159113798814526,0.11070523661355124,0.4865888889015256,0
0.003960744134425204,0.4117553041245957,0.05763510876998965,0.2258978677976305,0.28700883188873544,0.4246123794570836,0.3643476347757199,0.2634111949900465,0.34163093595258376,1
0.14971421259319567,0.3974913475431969,0.26714440152960967,0.15382034996299612,0.29204888714859006,0.1782578530508264,0.18511484923661017,0.17166438033349773,0.2897817510112218,1
0.2670910625179295,0.37626461256458266,0.11041964444924944,0.2412515495694694,0.3071920910706742,0.0858102751480946,0.23730420306326264,0.40405154457338366,0.19014133717909107,0
0.16601204208439163,0.2079684232042804,0.1955034903510036,0.37743395660962065,0.2323218227377056,0.3898800351597963,0.032641358493104476,0.4865888889015256,0.15774511885729048,0
0.42918818984043766,0.0994687900869129,0.2832033151804181,0.13963238916687798,0.2560386453380064,0.23810376801137967,0.19554023599408898,0.26112932216844115,0.1684151691648942,0
0.05265912424818795,0.06466303226594551,0.0871619401356478,0.09477064887502173,0.08190734209347332,0.32564398731398386,0.09148930294709161,0.04493909700417761,0.2614158818525596,0
0.12346117973667244,0.10383982750263834,0.19632179509880446,0.16319658813390747,0.14055671139021042,0.26512295328409424,0.12049812732920828,0.2144360370727543,0.06984151538205643,0
0.019471618181349064,0.20041886505080328,0.2351079441479402,0.36116330166968885,0.14207651199223387,0.08608560522382512,0.09337027980772598,0.2669863489161599,0.13530079952929183,0
0.35691188466024537,0.24059435518425246,0.30893813995561886,0.3057552339901569,0.2456847254493511,0.23871064381003138,0.1493673714701878,0.4209784832539642,0.16509156554606313,1
0.20930017163268738,0.09028026477469141,0.37054775967719306,0.39643452529325396,0.2544815988698207,0.1919130383383088,0.3431373665785209,0.18618143915619784,0.252721260586633,0
0.3799317929074825,0.14013552906674961,0.30652874365120236,0.41797079093500816,0.374292631186976,0.4385569522762399,0.1746136414368211,0.18863291400471088,0.307341053283412,1
0.4699466379781522,0.2293670115400114,0.12466799912195853,0.4766818451391003,0.20172642671712773,0.15172906189274546,0.041028171861253335,0.04254769744158862,0.2221468303021997,0
0.33844273104071776,0.36988282440395504,0.1639613329604628,0.12690976745791202,0.26084646754240376,0.389407785289148,0.012098793158680761,0.24847673258147732,0.2641943172533442,1
0.12344257214114855,0.4157087713638314,0.4598259215937044,0.34163093595258376,0.13871029020282294,0.08461855380182651,0.35274146053788835,0.3226679861005903,0.2502479855057897,1
0.2839308249028467,0.22063300808470393,0.4006158603624946,0.2784466485750924,0.0657872579242298,0.1456982580479778,0.2999247528075995,0.3829552846489413,0.3781544595178579,1
0.014195909751430272,0.26479960288342486,0.14971421259319567,0.2831858755626983,0.2471574518692226,0.4043973735033727,0.2869738795496367,0.2851446586594217,0.20978646253631394,1
0.2803671123051746,0.43668713064507747,0.17831659809877967,0.3976658229246496,0.45693373409388993,0.2486669664746872,0.3991389554188964,0.20978646253631394,0.10140063457205958,1
0.44471719878965277,0.06708687690454643,0.18600014348135893,0.43668713064507747,0.4140346201896093,0.36938389657686055,0.13242140372931016,0.12432539741327568,0.43992516762505235,1
0.06349809479976325,0.2402895180982198,0.36416075540040527,0.16211052010767224,0.36874349088712016,0.2050021539205728,0.25518282944309306,0.16876696345591063,0.17761470905901483,0
0.1607280138714005,0.34834028565907293,0.28857992416874884,0.2127364218810666,0.44490616954439643,0.39129928842010386,0.36938389657686055,0.26566917621698466,0.2572928429580132,1
0.029116179119403375,0.28928859869590984,0.2895166374613405,0.3447277867485235,0.20957170623536356,0.2258978677976305,0.36600035231098116,0.2613223827455315,0.30126156929459164,1
0.14250625853497548,0.16633785459211856,0.1404445863997731,0.2580079668372786,0.327720172081446,0.30752974579998293,0.18649264459107748,0.18408276891733508,0.21376465281686519,0
0.28579543454141365,0.2525393078971988,0.34237880920168456,0.3145575972438358,0.14029536414566385,0.21537910059888438,0.33620639121111573,0.2015352963650864,0.2803671123051746,1
0.24371800843117436,0.13871029020282294,0.24469935806263673,0.3775261904670709,0.29044846607274266,0.3234925289796965,0.22736264707383227,0.36760795767735627,0.2567143993986384,1
0.05678526587789279,0.11288558687059819,0.2121834880393328,0.2820100994224029,0.07072736546879783,0.09067905812314668,0.09177632565639379,0.09827089741980917,0.10966806402187053,0
0.16322738556472788,0.22063300808470393,0.2296688268383215,0.309374368190221,0.4060400333301282,0.2388726712578234,0.21971480210427924,0.399956193560927,0.1388849186249022,1
0.45971289834255497,0.3920186914940426,0.16147899798229298,0.08556402835455047,0.4117553041245957,0.1096574087437502,0.14155778689885581,0.21190348762303032,0.24072901066058056,1
0.21484174698386876,0.2272915559167691,0.11954041907584825,0.3238311986336285,0.1476824823372408,0.17822762926742655,0.16379917271624414,0.30883230653859767,0.16963235549876093,0
0.38514829631916697,0.06006178767858309,0.08958351848036006,0.22468463909922337,0.20874564872957024,0.458488815548397,0.3513767914046263,0.248974975687383,0.3553945266831016,1
0.30696674525771395,0.27256984126810296,0.16776691037595795,0.3795880900988508,0.35051370030243584,0.41752906223015507,0.30332794162400245,0.3693375676306167,0.433638991187021,1
0.27307135919314957,0.0901621638573955,0.10655147612402961,0.3414539107154924,0.2548380445579969,0.08842095651435196,0.24697780742452047,0.2512164186515579,0.2685979758428843,0
0.10123464822462411,0.27136236720399143,0.4910983089883472,0.32212272919363816,0.11263135221931098,0.2998179146167089,0.3546370660370195,0.2584516106703626,0.27565744208571363,1
0.27282938705063053,0.08523522538672308,0.08714626749617362,0.23472670963238973,0.32437429774907767,0.39643452529325396,0.30681185581837184,0.265728557355355,0.24933739716267,0
0.40751987429749187,0.2544815988698207,0.355662511761075,0.09619373216325065,0.04639423667236655,0.2118967297054604,0.06300143210951595,0.15928175932312635,0.2516587034668324,0
0.09149466494575852,0.12705650523759499,0.168662862694626,0.2151312218042437,0.26553095634117024,0.373919034953049,0.28945645150543137,0.043126588932932905,0.35120225413407063,1
0.25495203358524626,0.16771919819144132,0.34035160885900817,0.38488772633216106,0.3654198822346116,0.29501066219039285,0.11557507373284354,0.04779959457657055,0.35137602095911424,0
0.08958351848036006,0.06461811158562378,0.3799317929074825,0.2789143644462814,0.2167473998828176,0.23677528768306122,0.045247372725120076,0.15733373312616433,0.2634796267442531,1
0.3864035732111953,0.3400134787721568,0.19340388795529803,0.31619329364428117,0.2920709683379328,0.24236900302797704,0.33287735388759815,0.28610553562933433,0.0,1
0.27334320516095584,0.2844806124564518,0.3693375676306167,0.12066688082963076,0.28037822899752357,0.12732550793585956,0.25236328140377073,0.24956112111059564,0.4075018678871146,1
0.09036144290503768,0.2723094429041871,0.25723502438850854,0.26141609583900055,0.20907714903086577,0.38909758058463756,0.27208344564801434,0.18408276891733508,0.30915069045253457,0
0.29878278246103157,0.09032586285985761,0.22583301107383644,0.17101564654602358,0.26543483007811447,0.16056735148759307,0.23198870106204222,0.25153750884494386,0.3863282156185948,1
0.3603827888894677,0.29196948536888806,0.3781008619642412,0.4910983089883472,0.2802716164127543,0.3988850515402426,0.1889347702550058,0.09719248272470989,0.1703730303052684,1
0.06721649910716092,0.16520927988527656,0.07269819075504799,0.06737820146834493,0.18100136293003743,0.18786562939848792,0.16633785459211856,0.17137037313289513,0.3893902257849618,0
0.35652335995389856,0.3353903012556843,0.16866122827144978,0.08613444604381741,0.2115264988902703,0.1466096619228013,0.21025013991566838,0.23411348492608364,0.29559434164898835,0
0.17977674378471672,0.05760300683759151,0.24285108993671528,0.36600035231098116,0.3559911442565411,0.38458730425202636,0.3057552339901569,0.26603461564963093,0.2387063725529648,1
0.3829552846489413,0.38595834009018803,0.3307150608650054,0.15310272090157695,0.17334292066585752,0.3300641977070581,0.2349798476610355,0.3905524505717125,0.26914327957688194,1
0.3188871893716606,0.12956598057459884,0.3348795622444473,0.27565744208571363,0.3271213415025401,0.2733267413868518,0.23677528768306122,0.08461855380182651,0.30487904639931696,1
0.38676187888645147,0.2250941000167862,0.10419330546935644,0.4561460849453651,0.3595586507594045,0.38988094091593284,0.2675668225176589,0.09644832990046551,0.1471751469466413,0
